{"transform_matrix": [[1.2484747642817526, 0.007764836383804771, 237.64614531336665], [0.016361619523017196, 1.2348863006100943, -279.20410427066]], "rmsd": 1.2058310082691391e-13}