{"transform_matrix": [[1.2343171451249602, 0.01744525982520831, 242.1717456671268], [-0.01108788599295944, 1.234774600592354, -262.918771991279]], "rmsd": 0.7183107994428665}