{
    "transform_matrix": [
        [
            1.0581273851849857,
            0.02160938771537843,
            22.618666926194123
        ],
        [
            -0.02160938771537843,
            1.0581273851849857,
            18.943354820273775
        ]
    ],
    "rmsd": 0.9787110604531067
}