{"transform_matrix": [[1.053302670866552, 0.03020471073923938, 695.6530779650254], [-0.024818019150984326, 1.058674673810022, 80.27491788151443]], "rmsd": 0.7660215336813011}