{"transform_matrix": [[1.051694738932903, 0.02693911230577464, 696.6757824739697], [-0.027487146259300484, 1.0675542918685355, 83.94558427329599]], "rmsd": 0.4282650804233589}