{"transform_matrix": [[1.0473731518981317, 0.021305286335045817, 699.4566375206846], [-0.01693652673333841, 1.0813427605433035, 69.42900769816721]], "rmsd": 0.8307065918650166}