{"transform_matrix": [[1.054556354916067, 0.029576338928856912, 695.1021183053557], [0.004196642685851319, 1.0535571542765787, 74.98221422861711]], "rmsd": 1.797546735911271e-13}