{"transform_matrix": [[1.0553856101867742, 0.022109477977567214, 696.9255887985278], [-0.023477330945808155, 1.062473575567659, 79.56589320798827]], "rmsd": 1.8528687647866062e-13}